{
  "version": 1,
  "author": "Anonymous maker",
  "editor": "wokwi",
  "parts": [
    { "type": "wokwi-breadboard-half", "id": "bb1", "top": -12.6, "left": -150.8, "attrs": {} },
    { "type": "wokwi-arduino-uno", "id": "uno", "top": 0.6, "left": 133.8, "attrs": {} },
    { "type": "wokwi-led", "id": "led1", "top": -3.6, "left": -44.2, "attrs": { "color": "red" } },
    {
      "type": "wokwi-resistor",
      "id": "r1",
      "top": 42.35,
      "left": -19.2,
      "attrs": { "value": "1000" }
    }
  ],
  "connections": [
    [ "led1:A", "bb1:12t.a", "", [ "$bb" ] ],
    [ "led1:C", "bb1:11t.a", "", [ "$bb" ] ],
    [ "r1:1", "bb1:12t.b", "", [ "$bb" ] ],
    [ "r1:2", "bb1:18t.b", "", [ "$bb" ] ],
    [ "bb1:18t.e", "uno:13", "green", [ "v-105.6", "h220.8" ] ],
    [ "bb1:11t.e", "uno:GND.2", "green", [ "v163.2", "h326.4" ] ]
  ],
  "dependencies": {}
}