{
  "version": 1,
  "author": "Anonymous maker",
  "editor": "wokwi",
  "parts": [
    { "type": "wokwi-breadboard-half", "id": "bb1", "top": -89.4, "left": -966.8, "attrs": {} },
    { "type": "wokwi-arduino-uno", "id": "uno", "top": -95.4, "left": 268.2, "attrs": {} },
    {
      "type": "wokwi-lcd1602",
      "id": "lcd1",
      "top": 92.8,
      "left": -52,
      "attrs": { "pins": "i2c" }
    }
  ],
  "connections": [
    [ "lcd1:GND", "uno:GND.2", "red", [ "v-124.8", "h485.7" ] ],
    [ "lcd1:VCC", "uno:5V", "cyan", [ "h-9.6", "v-153.5", "h485.8" ] ],
    [ "lcd1:SDA", "uno:A4", "black", [ "v115.4", "h571.8" ] ],
    [ "lcd1:SCL", "uno:A5", "#8f4814", [ "h-9.6", "v125.1", "h581.3" ] ]
  ],
  "dependencies": {}
}